Key,Description,Standard,pt-br,uk,ru
SAY.Final.1.Ellie,,"Ahh, that was a little tiring. I wish I had more chances to eat the cherries.","Ahh, isso foi um pouco cansativo. Eu queria ter tido mais chances para comer as cerejas.","Ах, я дещо зморилася. Хотіла би я мати більше шансів поласувати тими вишнями.","Ах, это было немного утомительно. Хотелось бы, чтобы было больше шансов поесть вишни."
SAY.Final.265.Miss,,Do you want the rest of them back? You can have them.,Você quer o resto delas de volta? Pode ficar com elas.,"Хочеш, решту я віддам тобі? Я не проти.",Хочешь верну тебе остальные? Ты можете забрать их.
SAY.Final.267.Ellie,,"Noo! We went over this already! You take them. I have more at home! Plus, they were buy one pound get one pound free--","Nãao! Já falamos sobre isso! Você fica com elas. Eu tenho mais em casa! Além do mais, estavam na promoção...","Ні! Ми вже про це говорили! Вони Ваші. Я маю ще вдома! Крім того, вони були за акцією--","Нет-нет! Мы уже это обсуждали! Ты забирай их. У меня дома есть ещё! К тому же, было ""купи один фунт — получи второй бесплатно""!"
SAY.Final.268.Ellie,,"Oh, wait, I shouldn’t have said that. Oops!","Ah, espera, eu não deveria ter dito isso. Oopa!","Ой, заждіть, я не мала цього казати. Упс!","Ой, подожди, я не должна была этого говорить. Ой!"
SAY.Final.269.Miss,,"Hahaha! Don’t worry, it makes me feel a little better knowing you saved some money.","Hahaha! Não se preocupe, isso faz eu me sentir um pouco melhor, saber que você economizou dinheiro.","Ха-ха! Не хвилюйся, мені легше, знаючи, що ти заощадила кошти.","Хахаха! Не переживай, мне становится немного легче, зная, что ты сэкономила немного денег."
SAY.Final.264.Ellie,,"Mm, another day.{wc}...{wc}Miss told me to be there at 2 AM like usual, but I’m up early...{wc}I know it’s 11 PM right now, but I think I’ll just go now -- the address looked like it was way inside the forest. I’m bound to get lost.{wc}Ooh! Perhaps I should bring her some apples this time?","Hum, mais um dia.{wc}...{wc}Dona me disse para estar lá às 2 da manhã, como sempre, mas acordei cedo.{wc}Eu sei que são 11 da noite agora, mas acho que já irei. O endereço parecia ser no meio da floresta. Com certeza vou me perder.{wc}Aah! Talvez eu deva levar umas maçãs para ela desta vez?","М-м, ще один день.{wc}...{wc}Панна наказала мені бути на місці о 2 ночі, але я вже встала на ноги...{wc}Знаю, зараз тільки 11-а, та я вже піду -- адреса знаходиться десь глибоко в лісі. Сто відсотків заблукаю.{wc}Ой! Мабуть, на цей раз варто принести їй кілька яблучок?","Мм, ещё один день.{wc}...{wc}Мисс сказала быть там в 2 ночи, как обычно, но я встала рано...{wc}Знаю, сейчас 11 вечера, но, наверное, я всё-таки пойду сейчас — адрес выглядел так, будто он глубоко в лесу. Я точно заблужусь.{wc}Ох! Может, в этот раз я принесу ей яблок?"
SAY.Final.283.Ellie,,"{i}Somehow, I ended up navigating the directions perfectly well! That’s a win, but now I’m here 2 hours early.{wc}...{wc}After getting through an ivy-infested gate as tall as at least 200 crates of melons, I’m now standing in front of this huge manor clutching a basket of red apples in my hands.{wc}Well, red apples and a rose. Might as well have brought a slice of cake and a bottle of wine.{wc}...","{i}De algum jeito, acabei seguindo as direções perfeitamente bem! Isso é ótimo, mas agora estou aqui 2 horas mais cedo.{wc}...{wc}Após atravessar um portão cheio de trepadeiras e com umas 200 caixas de melão de altura, agora estou parada de frente para essa mansão gigante e com uma cesta de maçãs vermelhas nas mãos.{wc}Bom, maçãs e uma rosa. Eu deveria ter trago, também, uma fatia de bolo e uma garrafa de vinho.{wc}...","{i}Якимось чином, мені вдалося швидко зорієнтуватися! Це перемога, проте я прийшла на дві години завчасно.{wc}...{wc}Пройшовши через обвиту плющем браму, заввишки щонайменше з 200 ящиків динь, я зупинилася перед величезним маєтком, стискаючи в руках кошик із червоними яблуками.{wc}Ну, з червоними яблуками й трояндою. З таким же успіхом можна було би принести шматочок торта й пляшку вина.{wc}...","{i}Как-то я отлично справилась с навигацией! Это победа, но теперь я здесь на 2 часа раньше.{wc}...{wc}Пройдя через ворота, заросшие плющом и высотой, наверное, как 200 ящиков с дынями, я теперь стою перед огромным особняком, держа в руках корзину с красными яблоками.{wc}Ну, красными яблоками и розой. Могла бы принести ещё кусочек торта и бутылку вина.{wc}..."
SAY.Final.81.Ellie,,"{i}Weird, I swear I just heard some sort of sound come from inside.{wc}...{wc}Okay, well, it wouldn’t be good if the crime scene was ruined, right?{wc}...But it’s kind of scary, and I don’t want to be that type of dumb horror movie protagonist...{wc}This wooden door in front of me is all that’s blocking me from the indoors and out.{wc}It’s actually quite pretty. The wood has little cedar patterns carved into it --{wi} maybe it’s made of cedar wood?—{wc}I’m jerked out of my thoughts as I hear another sound from inside.{wc}Should I just go inside?{wc}I really don’t want to disappoint Miss. I know she told me to wait until exactly 2 AM, but that was months ago, and aren’t we closer now?{wc}What if the scene gets ruined because I didn’t do anything about it?{wc}I could clean up the entire thing now and tell her I did it! I think she would be happy!{wc}My hands don’t reflect my thoughts, however, and they sweat so badly my basket feels like it just became a tug-of-war rope.","{i}Esquisito, posso jurar que ouvi algum tipo de som vindo lá de dentro.{wc}...{wc}Tá bem, ótimo, não seria bom se a cena do crime fosse arruinada, certo?{wc}...Mas é meio assustador, e eu não quero ser como um protagonista idiota de filmes de terror...{wc}Tudo que me separa do interior da mansão é essa porta de madeira na minha frente.{wc}Na verdade, até que ela é bonita. A madeira tem pequenos padrões entalhados... talvez ela seja feita de cedro?{wc}De repente, sou puxada de volta dos meus pensamentos ao ouvir outro som vindo lá de dentro.{wc}Será que devo entrar?{wc}Eu realmente não quero decepcionar a Dona. Eu sei que ela me disse para esperar exatamente até as 2 da manhã, mas isso já faz dois meses, não somos mais íntimas agora?{wc}O que aconteceria se a cena fosse arruinada por eu não ter feito nada a respeito?{wc}Eu poderia arrumar tudo agora e depois dizer pra ela que eu fiz isso! Eu acho que ela ficaria feliz!{wc}Entretanto, minhas mãos não obedecem ao meu cérebro, e estão tão suadas que a cesta parece escorregar delas.","{i}Дивно, можу поклястися, я почула якийсь звук, що лунав ізсередини.{wc}...{wc}Гаразд, було би кепсько зруйнувати сцену злочину, чи не так?{wc}...Але ж лячно, і я не хочу бути тим дурнуватими головним героєм горору...{wc}Ці дерев’яні двері -- єдина перешкода між мною та серединою маєтку.{wc}Вони досить гарненькі, справді-то. По дереву вирізьблено маленькі кедрові візерунки --{wi} може, вони зроблені з кедру?--{wc}Я випала з власних думок, як зсередини пролунав інший згук.{wc}Може, варто ввійти?{wc}Я дуже не хочу розчаровувати Панну. Знаю, вона казала приходити мені рівно о 2 ночі, та це було місяці тому, і хіба ми не зблизилися за весь цей час?{wc}А раптом сцена зіпсується через мою бездіяльність?{wc}Я могла би вже все прибрати й потім сказати про це Панні! Думаю, вона б зраділа!{wc}Мої руки не підкоряються, ще й спітніли настільки, що кошик видається непосильним тягарем.","{i}Странно, я клянусь, что только что услышала какой-то звук изнутри.{wc}...{wc}Ладно, не хотелось бы, чтобы место преступления было испорчено, верно?{wc}...Но это как-то страшно, и я не хочу быть той глупой главной героиней из ужастиков...{wc}Эта деревянная дверь передо мной — всё, что отделяет меня от внутреннего пространства и внешнего мира.{wc}Она на самом деле довольно красивая. Дерево с маленькими рисунками кедровых узоров, вырезанными в нём —{wi} может, это сделано из кедрового дерева?—{wc}Меня выдергивает из мыслей, когда я снова слышу звук изнутри.{wc}Мне стоит зайти внутрь?{wc}Я действительно не хочу разочаровать мисс. Я знаю, что она сказала подождать до 2 ночи, но это было месяцы назад, разве мы не ближе сейчас?{wc}Что если место преступления будет испорчено, потому что я ничего не сделала?{wc}Я могу убраться там прямо сейчас и сказать ей, что я всё сделала! Думаю, она будет рада!{wc}Но мои руки не отражают мои мысли, и они потеют так сильно, что моя корзина теперь ощущается, как верёвка для перетягивания каната."
SAY.Final.83.Ellie,,{i}Whatever -- a leap of faith it is!{wc}For Miss!,{i}Que seja... é um ato de fé!{wc}Pela Dona!,{i}Нічого -- це символ довіри!{wc}Заради Панни!,"{i}Ну всё, прыжок веры!{wc}Для мисс!"
SAY.Final.86.Ellie,,{i}I walk into Spider Manor.{s=5}{wc}...{wc}{/s}{s=15}I freeze in shock. {wc}My basket drops to the floor. {wc}{/s}{s=20}The apples roll out one by one towards the scene in front of me.,"{i}Eu entro na Mansão Aranha.{s=5}{wc}...{wc}{/s}{s=15}Meu corpo congela.{wc}Minha cesta cai no chão.{wc}{/s}{s=20}As maçãs, uma após a outra, rolam até a cena na minha frente.",{i}Я заходжу в Павучий маєток.{s=5}{wc}...{wc}{/s}{s=15}Мене проймає шок. {wc}Кошик падає додолу. {wc}{/s}{s=20}Яблука одне з одним викочуються на сцену переді мною.,{i}Я захожу в Особняк Паука.{s=5}{wc}...{wc}{/s}{s=15}Я замерзаю от шока. {wc}Моя корзина падает на пол. {wc}{/s}{s=20}Яблоки катятся одно за другим к сцене передо мной
SAY.Final.289.Ellie,,Huh..??? Miss?,... Hã..?? Dona?,Га??? ...Панно?,А...???? Мисс?
SAY.Final.299.,,"{i}A dead man lies in front of me, and Miss holds the knife.{wc}I’m unable to say anything for a few moments.{wc}When I finally get my voice back, I can only stutter incoherent words, gesturing wildly between the person on the ground and Miss.","{i}Na minha frente, um homem morto, e Dona segura uma faca.{wc}Por uns momentos, não consigo pronunciar uma palavra.{wc}Quando finalmente recupero minha voz, apenas gaguejo palavras sem sentido, apontando alternadamente para a pessoa no chão e para a Dona.","{i}Переді мною лежить мертва людина, а в руках Панни -- ніж.{wc}Кілька хвиль я не могла видати з себе жодного звуку.{wc}Коли я нарешті змогла опанувати свій голос, то могла лише нерозбірливо белькотати, вказуючи то на мертве тіло, то на Панну.","{i}Передо мной лежит мертвый человек, а мисс держит нож.{wc}Я не могу ничего сказать несколько мгновений.{wc}Когда я, наконец, восстанавливаю голос, я могу только заикаясь произносить невнятные слова, яростно указывая между человеком на земле и мисс."
SAY.Final.300.Miss,,Ah.. Ellie?,Ah.. Ellie?,Ах... Еллі?,Ах... Элли?
SAY.Final.302.Miss,,...You’re here early.{wc}Or I guess you’re finally here on time?,...Você chegou cedo.{wc}Ou será que finalmente chegou na hora certa?,"...Ти сьогодні рано.{wc}Або, гадаю, якраз учасно?","...Ты пришла рано.{wc}Или, наверное, ты наконец-то пришла вовремя?"
SAY.Final.116.Ellie,,What... {wi}Are you okay? {wi}Did they -- {wi}why are you holding -- {wi}did you do this?{wc}No -- {wi}you can’t -- {wi}but -- {w=0.2}why? What-- {w=0.2}why would you do this? What did they do to you?,O que...{wi} você está bem? {wi}Eles... {wi}por que você está segurando... {wi}você fez isso?{wc}Não...{wi} você não pode... {wi}mas...{w=0.2} por quê? O que... {w=0.2}por que você faria isso? O que eles fizeram para você?,Що... {wi}Ви в порядку? {wi}Вони -- {wi}чому Ви тримаєте -- {wi}це Ви зробили?{wc}Ні -- {wi}Ви не могли -- {wi}але -- {w=0.2}чому? Що-- {w=0.2}навіщо Вам це було б робити? Що вони Вам заподіяли?,Что... {wi}Ты в порядке? {wi}Они — {wi}почему ты держишь — {wi}ты сделала это?{wc}Нет — {wi}ты не можешь — {wi}но — {w=0.2}почему? Что-- {w=0.2}почему ты это сделала? Что с ними случилось?
SAY.Final.92.Miss,,"I think you figured it out, so I’ll just answer your last question. What did this guy do to me?","Eu acho que você já descobriu, então apenas irei responder sua última pergunta. O que esse cara fez para mim?","Думаю, головне ти зрозуміла, тож відповім на твоє останнє запитання. Що цей чоловік зробив мені?","Думаю, ты уже разобралась, так что я просто отвечу на твой последний вопрос. Что этот парень сделал со мной?"
SAY.Final.134.Miss,,Nothing.,Nada.,Нічого.,Ничего.
SAY.Final.132.Miss,,"But he trafficked humans and laundered money (remember the jewelry store?). Hundreds of people -- children, teens, adults, 6 year olds and 30 year olds -- all assaulted in unthinkable ways. And all for a perception of luxury.","Mas ele traficava pessoas e lavava dinheiro (lembra-se da loja de joias?). Centenas de pessoas... crianças, adolescentes, adultos, pessoas com 6 anos, com 30 anos... todos violados de formas inimagináveis. E tudo por causa de luxúria.","Але він торгував людьми й відмивав гроші (пам’ятаєш ту ювелірну крамницю?). Сотні людей -- діти, підлітки, дорослі, 6- й 30-річні -- всі зазнали немислимої наруги. І все заради відчуття розкоші.","Но он торговал людьми и отмывал деньги (помните ювелирный магазин?). Сотни людей - дети, подростки, взрослые, шестилетние и тридцатилетние - все подверглись немыслимому насилию. И все ради ощущения роскоши."
SAY.Final.93.,,"{i}My legs give out, and I drop to my knees. I feel sick to my stomach.{wc}Thump, thump, thump... I can’t tell if it’s my heart or the apples around me.","{i}Minhas pernas fraquejam e caio de joelhos no chão. Sinto uma dor no estômago.{wc} Tum, tum, tum... eu não sei dizer se é o som do meu coração ou das maçãs colidindo ao meu redor.","{i}Мої ноги підкошуються -- і я падаю на коліна. Мені зле.{wc}Стук, стук, стук... Не можу сказати напевно, чи це серце стукає, чи яблука на підлозі.","{i}Мои ноги подкашиваются, и я падаю на колени. Мне становится плохо.{wc}Тух, тух, тух... Я не могу понять, это моё сердце или яблоки вокруг меня."
SAY.Final.96.Miss,,What’s wrong? {wi}Is it too disturbing?,O que foi?{wi}É muito perturbador?,Що таке? {wi}Занадто жахливо?,Что не так? {wi}Это слишком пугающе?
SAY.Final.97.Ellie,,"{s=15}...Of course, you... {/s}{s=30}...psychopath!","{s=15}...Claro que sim, sua...{/s}{s=30}...psicopata!","{s=15}...Звісно, ти... {/s}{s=30}...психопатка!","{s=15}...Конечно, ты... {/s}{s=30}...психопат!"
SAY.Final.98.,,{i}A beat of silence passes.,{i}Um momento de silêncio se passa.,{i}Минає хвиля тиші.,{i}Проходит момент молчания.
SAY.Final.99.Miss,,"Oh~, my Ellie, you’re so innocent~! {wi}I loved that about you, you know?{wc}I love your innocence, your naive little mind, so so much. And your reaction now -- to think I was scared of showing you! You don’t know how much better this makes me feel.","Ah~, minha Ellie, você é tão inocente~! {wi}Eu amei isso sobre você, sabia?{wc}Eu amo muito sua inocência, sua pequena mente ingênua. E a sua reação agora... achar que eu teria medo de te mostrar! Você não sabe o quão bem isso me fez sentir.","Ох~, Моя Еллі, ти така невинна~! {wi}Я люблю цю рису в тобі, знаєш?{wc}Я люблю твою невинність, твій маленький наївний розум, дуже-дуже сильно. І твою поточну реакцію -- подумати тільки, я боялася відкрити це тобі! Ти не уявляєш, як приємно мені від того стає.","О~, моя Элли, ты такая невинная~! {wi}Я обожала это в тебе, знаешь?{wc}Я так сильно люблю твою невинность, твой наивный маленький разум. И твоя реакция сейчас — думать, что я боялась тебе это показать! Ты не представляешь, как мне теперь стало легче."
SAY.Final.139.Miss,,"Oh, the sickly sweet sight of such a young and gullible person wandering the world on their own... the innocence one can never get back, the moment of love and loss...","Ah, a visão doce e doentia de uma jovem tão influenciável vagando pelo mundo sozinha... a inocência que ninguém pode recuperar, o momento de amor e perda...","Ох, до нудоти солодкий вид такої молодої та довірливої дівчини, що торує свій шлях у світі... невинність, яку не повернути, момент кохання й утрати...","О, этот приторно-сладкий взгляд на такую молодую и наивную душу, блуждающую по миру в одиночестве... невинность, которую уже нельзя вернуть, момент любви и утраты..."
SAY.Final.142.Ellie,,"What... you... you’re sick...{wc}W-- wait... what do you mean “scared of corrupting me”?{wc}If this is what I was supposed to clean today, then have we been cleaning up after your crimes this entire time??","O que... você... você é doente...{wc}E espera aí... o que você quis dizer com ""medo de me mostrar”?{wc}Se isso é o que era para eu arrumar hoje, então quer dizer que estivemos limpando cenas de crimes seus esse tempo todo??","Що... Ви... Ви хворі...{wc}С-- стривайте... тобто Ви «боялася зіпсувати мене»?{wc}Якщо й сьогодні я мала прибирати цей злочин, то весь цей час я прибирала за Вами???","Что... ты... ты больна...{wc}П-Подожди... что ты имеешь в виду, говоря ""боялась испортить меня""?{wc}Если это то, что мне нужно было очистить сегодня, то мы всё это время убирали за твоими преступлениями??"
SAY.Final.100.,,"{i}Miss opens her mouth to say something, but I cut her off.","{i}Dona abre a boca para falar algo, mas eu a interrompo.","{i}Панна розкриває рота, аби щось сказати, та я її перебиваю.","{i}Мисс открывает рот, чтобы что-то сказать, но я перебиваю её."
SAY.Final.145.Ellie,,"The -- the jewelry replacements! Those were fake, weren’t they? And everything you had me do, just so people wouldn’t notice something went wrong.{wc}The ‘feud’ at the jewelry shop, that one clerk’s assurement that the jewelry was genuine, the atrocious 2 AM worktimes, the blood you convinced me wasn’t blood.{wc}It was all a lie...? {wi}These were all your own crimes?","A... a substituição das joias! Elas eram falsas, não eram? E tudo o que você me obrigou a fazer, só para que ninguém notasse que algo estava errado.{wc}A discussão na loja de joias, aquela afirmação da atendente de que a joia era verdadeira, os terríveis turnos às 2 da manhã, o sangue que você me convenceu de que não era sangue.{wc}Era tudo mentira...? {wi}Eram todos crimes seus?","Під-- Підміна ювелірних прикрас! Вони були несправжніми, чи не так? І все, що Ви мене змушували робити, щоби люди не помітили, що щось не так.{wc}«Непорозуміння» в ювелірній крамниці, ті переконання продавця у справжності прикрас, гарування о 2 ночі, кров, що Ви мене переконували, що це насправді не вона.{wc}Усе це була брехня? {wi}Усе це були Ваші злочини?","Те -- замены ювелирных изделий! Они были фальшивыми, не так ли? И всё, что ты заставляла меня делать, чтобы люди не заметили, что что-то пошло не так.{wc}Тот 'конфликт' в ювелирном магазине, уверенность того продавца, что ювелирные изделия настоящие, ужасные рабочие часы в 2 ночи, кровь, которую ты убедила меня, что это не кровь.{wc}Всё это было ложью...? {wi}Это были твои собственные преступления?"
SAY.Final.102.Miss,,"You just noticed?{wc}Hahaha, you’re so cute. There’s more you haven’t observed yet.{wc}But yes, I guess some of what we’ve been covering have been ‘my’ crimes -- though they’re ours now, since you helped me cover them. Still valid crimes, if I do say so myself.","Você só percebeu agora?{wc}Haha, você é tão fofa. Ainda tem mais coisas que você não percebeu.{wc}Mas sim, acho que algumas das cenas nas quais trabalhamos foram de crimes ""meus"", embora eles agora sejam ""nossos"", já que você me ajudou a encobri-los. Ainda são crimes válidos, eu diria.","Ти тільки здогадалася?{wc}Ха-ха-ха, яка ж ти миленька. Хоча ти помітила далеко не все.{wc}Але так, гадаю, що деякі сцени злочину, з якими ми працювали, були «моїми» -- проте тепер вони наші, бо ти допомогла мені їх приховати. Але все ж справедливі злочини, якщо на те пішло.","
Ты только сейчас заметила?{wc}Хахаха, ты такая милая. Есть ещё кое-что, что ты не заметила.{wc}Но да, думаю, часть того, что мы убирали, были 'моими' преступлениями — хотя теперь они наши, потому что ты помогала мне скрывать их. Всё равно действительные преступления,  так скажу."
SAY.Final.103.Ellie,,"{s=15}...What do you mean, valid crimes?","{s=15}...O que você quer dizer com ""crimes válidos”?",{s=15}...Тобто «справедливі злочини»?,"{s=15}...Что ты имеешь в виду под ""действительными преступлениями""?"
SAY.Final.104.Miss,,"Oh, darling, haven’t you ever wondered why these places you’ve been cleaning up are interconnected?{wc}Or maybe you didn’t realize.","Ah, amada, você nunca pensou no porquê de todos esses lugares estarem conectados?{wc}Ou talvez você não tenha percebido.","О, люба, ти ніколи не замислювалася, яким чином усі ті місця, які ти прибирала, пов'язані між собою?{wc}Або ти просто не усвідомлювала.","О, дорогая, ты разве никогда не задумывалась, почему эти места, которые ты убираешь, связаны между собой?{wc}Или, может, ты не заметила."
SAY.Final.146.Miss,,"If only you did a little bit of research, though your naivety is one of your most charming points.","Se talvez você tivesse pesquisado um pouco, embora sua ingenuidade seja uma das suas características mais encantadoras.","Якби ж ти лише спробувала все дослідити бодай трішки, хоча твоя наївність є однією з найдорогоцінніших рис.","Если бы ты немного поизучала, хотя твоя наивность — одна из самых очаровательных черт."
SAY.Final.105.Ellie,,"I... Don’t harm me, please. I’m going. I’m leaving. I’m quitting.","Eu... Não me machuque, por favor. Eu estou indo. Estou indo embora. Estou me demitindo.","Я... Благаю, не чіпайте мене. Я йду. Я йду геть. Я звільняюся.","Я... Пожалуйста, не трогай меня. Я ухожу. Я покидаю это. Я увольняюсь."
SAY.Final.106.Miss,,...And where would you go? At least we’re helping our world here.,...E para onde você iria? Pelo menos estamos ajudando nosso mundo aqui.,...І куди ти збираєшся йти? Принаймні тут ми допомагаємо нашому світу.,"..А куда ты пойдешь? По крайней мере, мы помогаем нашему миру здесь."
SAY.Final.150.Miss,,"Oh, Ellie, wherever you go, there’s going to be terrible people, corrupt ones that would throw you away without a single thought.{wc}But I wouldn’t.{wc}And think about it. All we’re doing is cleaning the world, one mistake at a time.","Ah, Ellie, aonde quer que você vá, verá pessoas terríveis, corrompidas, que se livrariam de você sem pensar duas vezes.{wc}Mas eu não faria isso.{wc}E pense nisso. Tudo o que estamos fazendo é limpar o mundo, um erro de cada vez.","Ох, Еллі, куди б ти не пішла, довкола будуть жахливі люди, зіпсовані індивіди, що пройдуть по твоїй голові без зайвої думки.{wc}Але я не така.{wc}Просто подумай про це. Ми очищуємо світ, по одній хибі за раз.","О, Элли, куда бы ты ни пошла, там будут ужасные люди, испорченные, которые выбросят тебя, не задумавшись ни на секунду.{wc}Но я не буду.{wc}Подумай об этом. Всё, что мы делаем, — это чистим мир, одну ошибку за раз."
SAY.Final.107.Ellie,,You mean one corpse at a time.,Você quer dizer um corpo de cada vez.,Цебто по одному тілу за раз.,Ты имеешь в виду одно тело за раз.
SAY.Final.108.Miss,,"Hahaha, sure, that works too.{wc}And yet we’re never going to run out of these corpses. In the end, the immoral acts of humanity will drown us all.","Hahaha, claro, pode ser, também.{wc}E, ainda assim, nunca será o suficiente. No fim, os atos imorais da humanidade afogarão todos nós.","Ха-ха-ха, правда, можна й так сказати.{wc}І все ж трупи ніколи не закінчаться. Врешті-решт аморальні вчинки людства потоплять нас усіх.","Хахаха, да, это тоже подойдёт.{wc}И всё же мы никогда не исчерпаем эти тела. В конце концов, аморальные поступки человечества поглотят нас всех."
SAY.Final.109.Ellie,,"...No, you’re the one committing those immoral acts. A lot of people do good in this world without needing to resort to crime.{wc}We can fix everything without having to go through this.","...Não, é você quem está cometendo atos imorais. Muitas pessoas fazem o bem neste mundo sem precisar recorrer ao crime.{wc}Nós podemos consertar tudo sem precisarmos passar por isso.","...Ні, саме Ви вчиняєте всі ці аморальні речі. Багато людей чинять лише добро в цьому світі, не вдаючись до злочинів.{wc}Можна все виправити, самим не вдаючись до подібного.","...Нет, ты — тот, кто совершает эти аморальные поступки. Многие люди делают добро в этом мире, не прибегая к преступлениям.{wc}Мы можем всё исправить, не проходя через это."
SAY.Final.111.Miss,,Have you ever truly believed that whatever ‘good’ is defined as could outweigh human nature?,"Você realmente acredita que o ""bem"", seja lá o seu significado, pode superar a natureza humana?","Чи вірила ти коли-небудь по-справжньому в те, що «добро» переважає людську природу?","Ты когда-нибудь действительно верила, что то, что называют «добром», может перевесить природу человека?"
SAY.Final.112.Miss,,"Tell me you’ve never thought twice about being spit at for having this job, even though it’s really the backbone of society. ","Diga-me que você nunca pensou duas vezes sobre ser menosprezada por ter esse emprego, mesmo com ele sendo a espinha dorsal da sociedade.","Тільки скажи, що ти ніколи не думала про те, що тебе заплюють за твою роботу, хоч вона і є важливою основою суспільства. ","Скажи мне, что ты никогда не задумывалась дважды о том, что на тебя плюют из-за этой работы, хотя она на самом деле является основой общества."
SAY.Final.113.Miss,,"And look around you, at the people littering in the streets, blatantly lying to each others’ faces just to get a promotion, or cheating on their lover ‘just for a night.’ What’s there to love about people like that?","E olhe a sua volta, para as pessoas poluindo as ruas, mentindo descaradamente apenas para conseguir uma promoção no trabalho, traindo seus cônjuges por ""apenas uma noite"". O que essas pessoas têm de bom?","І поглянь довкола, поглянь на людей, що волочаться вулицями, відверто брешуть одне одному в лице, аби отримати підвищення, або зраджують коханим «лише на одну ніч». І за що таких людей можна любити?","Посмотри вокруг: люди, которые мусорят на улицах, прямо в глаза врут друг другу ради повышения или изменяют своим партнерам «просто на одну ночь». Что можно любить в таких людях?"
SAY.Final.155.Miss,,"Sure, a single action might not define one’s entire being.{wc}But tell me you’ve never wished you could be someone else, to take their place in this universe -- or even just a single one of their possessions. {wi}Tell me you’ve never dreamed of being on top of the world, of being better than everyone else.{wc}Tell me you’ve lived your life without an inkling of selfishness or immorality.{wi} Because you cannot -- all of that is human nature.{wc}And we’re here doing this job, seeing this truth: for every mistake we clean up, infinitely more occur.{wc}People believe they can wash away their mistakes, but do you really think there’s anything left to clean up in this disaster of a world? We might as well say there’s no point to it all.","Claro, uma pequena ação não pode definir uma pessoa por completo.{wc}Mas diga-me que você nunca desejou ser outra pessoa, tomar o lugar dela nesse universo – ou, pelo menos, ter alguma coisa que é dela. Diga-me que você nunca sonhou em estar no topo do mundo, em ser melhor do que todos.{wc}Diga-me que você viveu sua vida inteira sem demonstrar ter um pingo de egoísmo ou imoralidade. Porque você não pode... tudo isso faz parte da natureza humana.{wc}E nós estamos realizando esse trabalho, vendo esta verdade: para cada erro que eliminamos, inúmeros outros acontecem.{wc}As pessoas acreditam que podem se purificar de seus erros, mas você realmente pensa que existe algo para ser purificado nesse mundo horrível? Nós podemos dizer, também, que nada disso tem sentido.","Звісно, один вчинок не визначає всю вдачу людини.{wc}Але скажи, що ти ніколи не хотіла бути кимось іншим, зайняти їхнє місце у світі -- або невеличку частку їхніх надбань. {wi}Скажи, що ти ніколи не мріяла бути на вершині світу, бути кращою за всіх інших.{wc}Скажи, що ти досі жила без жодного натяку на егоїзм та аморальність.{wi} Адже ж це неможливо -- усе це людська вдача.{wc}І ось ми тут виконуємо свою роботу й бачимо правду: за кожною виправленою помилкою виникає інша.{wc}Люди вірять в можливість відмитися від своїх гріхів, але чи ти сама віриш, що щось можливо виправити в цій світовій катастрофі? Можна сказати, що все це безглуздо.","Конечно, одно действие не может определить весь характер человека.{wc}Но скажи мне, что ты никогда не желала быть кем-то другим, занять их место в этом мире — или хотя бы завладеть чем-то их собственным. {wi}Скажи мне, что ты никогда не мечтала оказаться на вершине мира, быть лучше всех остальных.{wc}Скажи мне, что ты прожила свою жизнь без малейшего намёка на эгоизм или аморальность.{wi} Потому что ты не можешь — всё это часть человеческой природы.{wc}А мы здесь, выполняем эту работу, видя эту правду: за каждую ошибку, которую мы убираем, происходят бесконечные новые.{wc}Люди верят, что могут смыть свои ошибки, но ты правда думаешь, что в этом катастрофическом мире ещё что-то осталось для исправления? Мы могли бы сказать, что в этом всем нет смысла."
SAY.Final.157.Miss,,"Really, the phrase ‘cleaning up’ is all a beautiful lie. For as long as humanity remains corrupt, our work will never be done.","Na verdade, a palavra ""purificando"" é uma linda mentira. Enquanto a humanidade permanecer corrompida, nosso trabalho nunca estará feito.","Справді-бо, фраза «відмитися» -- солодка брехня. Допоки людство зіпсуте, нашій роботі не буде кінця.","На самом деле, фраза «убирать» — это просто красивая ложь. Пока человечество остаётся коррумпированным, наша работа никогда не закончится"
SAY.Final.161.Ellie,,"So why do you still do this? You know, if there’s ‘no point to it all’?","Então por que você continua fazendo tudo isso? Sabe, se nada disso tem sentido?",Тоді навіщо Ви продовжуєте це робити? Якщо «все це безглуздо»?,"Так почему ты всё ещё это делаешь? Ты ведь знаешь, что «в этом всем нет смысла»?"
SAY.Final.160.Miss,,"Well, the world might be doomed, but I’m trying to make it at least relatively livable for the next generation.{wc}I target people in power, Ellie. People who do these things for fun, just for a short adrenaline boost and a flow of bloody cash.{wc}You know what that motel was used for? Storing the trafficked victims.{wc}And you know who used to live in that abandoned underground building? {wi}Children who were sold and raped and whose innocence was forcibly seized when their day came.{wc}And the guy I just killed was the ringleader of it all. So I’m getting rid of corrupt people like that, one by one.","Bem, o mundo pode estar condenado, mas eu estou tentando deixá-lo pelo menos habitável para a próxima geração.{wc}Meus alvos são pessoas poderosas, Ellie. Pessoas que fazem essas coisas por diversão, só por um pouco de adrenalina e um fluxo de grana manchada com sangue.{wc}Você sabe para quê usavam aquele hotel? Era o cativeiro com as vítimas do tráfico.{wc}E você sabe quem costumava morar naquela construção subterrânea? Crianças que eram vendidas e violadas, cuja inocência era brutalmente arrancada quando chegasse o dia.{wc}E o cara que acabei de matar era o líder de tudo isso. Então estou me livrando de pessoas corrompidas como ele, uma por uma.","Ну, хоч світ і приречений, та я все рівно намагаюся зберегти його придатним до життя для нових поколінь.{wc}Я націлена на людей, котрі мають владу, Еллі. На людей, котрі отримують від цього задоволення -- усе заради приливу адреналіну й отримання кривавої валюти.{wc}Знаєш, для чого використовували той мотель? Для утримання жертв торгівлі людьми.{wc}А знаєш, хто жив у тому підземному приміщенні? {wi}Діти, яких продавали та ґвалтували й чиїх невинність відбирали в роковий день.{wc}І чоловік, якого я щойно вбила, був ватажком усього діла. Отже, я усуваю таких зіпсованих людей, одне за одним.","Ну, мир может быть обречён, но я стараюсь сделать его хотя бы относительно пригодным для следующего поколения.{wc}Я нацеливаюсь на людей у власти, Элли. Людей, которые делают эти вещи ради удовольствия, просто ради кратковременного выброса адреналина и потока крови и денег.{wc}Знаешь, для чего использовался тот мотель? Для хранения жертв торговли людьми.{wc}А знаешь, кто жил в том заброшенном подземном здании? {wi}Дети, которых продавали, насиловали, и чью невинность насильно забирали, когда наступал их день.{wc}А тот парень, которого я только что убила, был главарём всего этого. Так что я избавляюсь от таких коррумпированных людей, одного за другим."
SAY.Final.159.Ellie,,But you said all people were corrupt. Not everyone's like that.,Mas você disse que todo mundo estava corrompido. Mas nem todos são assim.,"Але ти казала, що всі люди зіпсуті. Та не всі ж роблять подібне.","Но ты говорила, что все люди коррумпированы. Но не все такие."
SAY.Final.163.Miss,,"We are, just to different degrees. And that includes you and I. Yet we’re still going to be the last ones here in a sea of chaos, cleaning up behind everyone else, for the future.{wc}There’s a sense of peace in staying back behind them all, in watching like we’re binging our favorite shows as they all take the same immoral paths and end up paying the price for it some way or another -- {wc}-- a price that sometimes we have to be the ones to dole out.{wc}But not everyone is in such a huge position of power, and some of us make better choices than others.","Somos todos corrompidos, mas em diferentes níveis. E isso inclui você e eu. Ainda assim, nós seremos as últimas que sobrarão nesse mar de caos, limpando e purificando o futuro.{wc}Há uma certa paz em ficar para trás deles, em vê-los seguir os mesmos caminhos imorais, como se estivéssemos maratonando nossa série favorita, e vê-los pagando por isso, de uma forma ou de outra...{wc} ...um preço que, às vezes, nós que acabamos tendo que cobrar.{wc}Mas nem todos estão numa posição de poder, e alguns de nós sabem fazer escolhas melhor que outros.","Усі, просто в різній мірі. Враховуючи мене й тебе. І все ж ми лишимося єдиними в цьому морі хаосу, прибираючи за іншими заради майбутнього.{wc}В якомусь сенсі лишатися за їхніми спинами легко, спостерігати, неначе за шоу, як вони обирають все ті ж аморальні шляхи та зрештою платять за це ту чи іншу ціну -- {wc}-- ціну, яку іноді доводиться збирати саме нам.{wc}Але не кожен має таку владу, і хтось робить кращі вчинки, ніж інші.","Мы все такие, просто в разной степени. И это включает нас обоих. Но мы все равно останемся последними здесь, среди этого хаоса, убирая за всеми, ради будущего. Есть некое спокойствие в том, чтобы оставаться позади, наблюдая за ними, как будто мы смотрим свои любимые шоу, когда все они идут по одному и тому же безнравственному пути и в конце концов платят за это так или иначе — ценой, которую иногда нам приходится выплачивать. Но не все находятся в такой большой позиции власти, и некоторые из нас делают лучшие выборы, чем другие."
SAY.Final.164.Miss,,"In the end, it’s all about making life a little more tolerable for the next generation.","No fim, é tudo sobre deixar a vida um pouco mais tolerável para a próxima geração.","Врешті-решт усе це для того, щоби зробити життя майбутніх поколінь бодай трохи стерпнішим.","Да, в конечном итоге, всё сводится к тому, чтобы сделать жизнь немного более терпимой для следующего поколения. Это то, что даёт смысл нашим усилиям."
SAY.Final.166.Miss,,"Okay, no more fussing around now, I’d like to finish up so I can go back to sleep. Are you helping me clean today or not?","Certo, chega de enrolação, eu gostaria de terminar aqui para poder ir para casa e dormir. Você vai me ajudar ou não?","Гаразд, годі про це, я хочу вже закінчити справу й піти спати. Ти сьогодні допоможеш мені з прибиранням чи ні?","Ладно, хватит тянуть время, я хочу поскорее закончить и пойти спать. Ты поможешь мне с уборкой или нет?"
MENU.Final.218,,I don't really want to.,Eu realmente não quero.,Насправді я не хочу.,"Честно говоря, не особо хочется."
MENU.Final.219,,...Let's partner up.,...Vamos ser parceiras.,...Об’єднаймо зусилля.,..Давай работать вместе.
MENU.Final.238,,Do I even have a choice?,E por acaso tenho escolha?,Чи в мене взагалі є вибір?,У меня вообще есть выбор?
SAY.Final.169.Ellie,,"...No, I don’t really want to. Actually, I want to quit.","...Não, eu realmente não quero. Na verdade, eu quero me demitir.","...Ні, я дійсно не хочу. Насправді я хочу звільнитися...","..Нет, на самом деле не хочу. Честно, я хочу уволиться"
SAY.Final.176.Ellie,,"Humanity isn’t all that bad. And you’re... kind of creeping me out, Miss...","A humanidade não é tão ruim assim. E você está... meio que me assustando, Dona...","Людство не таке вже й погане. І Ви... лякаєте мене, Панно...","Человечество не так уж и плохо. А ты... немного пугаешь меня, мисс..."
SAY.Final.173.Miss,,"‘Humanity isn’t all that bad’? Think about yourself for a second, from the clothes you wear that were probably manufactured in a sweatshop to the way countless poor little animals went into making your cosmetics.{wc}Look at the accidents you see on the street, at the signs telling you not to feed animals or touch a relic yet people do so anyway.{wc}And I hate to bring this up, but if anything, global warming and the incompetence of humanity go hand in hand.{wc}So if you truly believe humanity ‘isn’t all that bad,’ then there wouldn't be so many unfixable problems in our world. But at the heart of it all, we’re just a corrupted species.","""A humanidade não é tão ruim assim""? Olhe para o espelho, desde as suas roupas, as quais devem ter sido fabricadas com exploração, até as suas maquiagens, que devem conter vários ingredientes provenientes de pobres animais.{wc}Olhe para os acidentes nas estradas, as placas dizendo para não alimentar os animais ou tocar em certas relíquias, mas, de qualquer forma, as pessoas persistem no erro.{wc}E eu odeio ter que falar disso, mas o aquecimento global anda de mãos dadas com a incompetência humana.{wc}Se você acredita que a humanidade não é tão ruim assim, não deveriam existir tantos problemas incorrigíveis no nosso mundo. Mas a verdade é esta: somos apenas uma espécie corrompida.","«Людство не таке вже й погане»? Подумай на мить про себе: ти носиш одяг, який в поті чола виробили в цеху, а на виготовлення косметики, що ти використовуєш, пішло чимало бідних тварин.{wc}Подумай про численні нещасні випадки, що ти бачиш на вулицях, про знаки, що забороняють годувати тварин або торкатися реліквії, але люди все рівно це роблять.{wc}І я ненавиджу це згадувати, проте якщо вже на чистоту, то глобальне потепління й безвідповідальність людства йдуть пліч-о-пліч.{wc}Тож якщо ти справді віриш, що людство «не таке вже й погане», тоді в цьому світі не було би так багато невиправних речей. Але в основі всього лежить те, що ми зіпсований вид.","Человечество не так уж и плохо'? Подумай немного о себе: от одежды, которую ты носишь, вероятно, изготовленной на потогонных фабриках, до того, как бесчисленные бедные животные были использованы для создания твоей косметики.{wc}Посмотри на аварии, которые ты видишь на улице, на знаки, запрещающие кормить животных или трогать реликвии, но люди все равно делают это.{wc}И мне неприятно это упоминать, но, если честно, глобальное потепление и некомпетентность человечества идут рука об руку.{wc}Так что если ты действительно считаешь, что человечество 'не так уж и плохо', то почему в нашем мире так много проблем, которые невозможно исправить? Но в конечном счете мы просто испорченный вид"
SAY.Final.174.Miss,,"That being said, you know you can’t escape, right? You’re a criminal. You helped cover up so many crimes--","Dito isso, você sabe que não pode escapar, certo? Você é uma criminosa. Você ajudou a encobrir muitos crimes...","Ти же знаєш, що не можеш утекти, чи не так? Ти злодійка. Ти допомогла приховати так багато злочинів--","С учетом всего этого, ты понимаешь, что не можешь убежать, правда? Ты преступница. Ты помогла скрыть так много преступлений..."
SAY.Final.170.Ellie,,I didn’t know it was illegal! I thought-- I thought-- it was just... being a cute girl dressing in a maid costume?{wi} That it was ... cool?,Eu não sabia que estava fazendo coisas ilegais! Eu pensei– eu pensei– estar apenas... sendo uma garota fofa com um traje de faxineira.{wi} Achei que era ... legal?,"Я не знала про це! Я гадала, я-- я гадала-- це просто... робота в милому костюмі покоївки?{wi} Що це було... кльово?","Я не знала, что это незаконно! Я думала... думала, что это просто... быть милой девушкой в костюме горничной?{wi} Что это... круто?"
SAY.Final.179.Miss,,"Haha, I’ll never get over how cute you are.{wc}Ellie, you signed a contract when you first joined. Did you ever read it? You get to stay with me forever!","Haha, nunca vou superar o quão fofa você é.{wc}Ellie, você assinou um contrato quando aceitou o trabalho. Você sequer o leu? Você terá que ficar comigo para sempre!","Ха-ха, я ніколи не забуду, якою милою ти є.{wc}Еллі, коли ти тільки прийшла на цю роботу, то підписала угоду. Ти її взагалі читала? Ти повинна лишитися зі мною назавжди!","Хах, я никогда не перестану восхищаться, какая ты милая.{wc}Элли, ты подписала контракт, когда только присоединилась. Ты его вообще читала? Ты будешь со мной навсегда!"
SAY.Final.180.Ellie,,..I don’t want to. I can report you..!,...Eu não quero. Eu posso te denunciar..!,...Я не хочу. Я можу Вас здати!..,..Я не хочу этого. Я могу сообщить о тебе..!
SAY.Final.181.Miss,,And how would you do that?{wc}I have way more I can hold over your head than you mine. Ever wonder what’s under my mask?,E como você faria isso?{wc}Eu tenho muito mais provas dos seus atos criminosos do que você tem dos meus. Alguma vez você se perguntou o que tem debaixo da minha máscara?,"І як ти це зробиш?{wc}Я маю проти тебе більше, ніж ти проти мене. Міркувала колись, що під моєю маскою?","А как ты собираешься это сделать?{wc}У меня есть гораздо больше, чем у тебя, что я могу использовать против тебя. Ты когда-нибудь задумывалась, что под моей маской?"
SAY.Final.182.Ellie,,"...It doesn’t matter. I know your height, your name--","...Isso não importa. Eu sei sua altura, seu nome...","...Це не має значення. Я знаю Ваш зріст, Ваше ім’я--","...Это не имеет значения. Я знаю твой рост, твоё имя--"
SAY.Final.184.Miss,,"Sweetheart, I asked you to call me Miss for a reason. You don’t know my name.","Querida, eu te pedi para me chamar de Dona por um motivo. Você não sabe meu nome.","Люба, я же не дарма попросила називати мене Панною. Ти не знаєш мого імені.","Милая, я просила тебя называть меня мисс не просто так. Ты не знаешь моего имени."
SAY.Final.187.Ellie,,"...Your name isn't -- ?{wc}Ahh -- no, I don’t care.{wi}I don’t want to have anything to do with someone as messed up as you.","...Seu nome não é...?{wc}Ahh... não, eu não ligo. {wi}Eu não quero ter nenhuma relação com alguém tão perturbado quanto você.","...Вас звуть не-- ?{wc}А -- ні, мені байдуже. {wi}Я не хочу мати нічого спільного з такою потворною особою, як Ви.","..Твоё имя не -- ?{wc}Ах -- нет, мне всё равно.{wi}Не хочу иметь ничего общего с кем-то таким извращённым, как ты."
SAY.Final.186.Miss,,...Are you sure?,...Você tem certeza?,...Ти певна?,...Ты уверена?
SAY.Final.297.Ellie,,"Yeah. Yeah, I don’t care what ‘corruption’ you say is in this world, I’m going to be a better person. You’re not the person I know.","Sim. Sim, eu não ligo para a corrupção que você diz que existe no mundo, eu vou ser uma pessoa melhor. Você não está agindo como a Dona que eu conheço.","Так. Так, я не хочу нічого знати про «зіпсутість» цього світу, про яку ви говорите, я буду кращою людиною. Ви не та людина, яку я знала.","Да. Да, мне всё равно, что ты говоришь о ‘коррупции’ в этом мире, я буду лучшим человеком. Ты не та, кого я знаю."
SAY.Final.296.Miss,,You don't see it?,Você não vê?,Ти не бачиш?,Ты не видишь этого?
SAY.Final.185.Ellie,,See what?,Não vejo o quê?,Не бачу що?,Что именно?
SAY.Final.188.Miss,,"The corruption right in front of you, from your politicians to your police force to your insulin prices?","A corrupção está bem na sua frente, desde os políticos até a força policial, até o preço da insulina.","Зіпсутість просто перед тобою, від політиків до поліції та цін на інсулін.","Коррупцию прямо перед тобой, от твоих политиков до полиции и цен на инсулин?"
SAY.Final.189.Ellie,,I don’t even take insulin! And those are all things we can fix!,Eu nem uso insulina! E essas são todas coisas que podemos consertar!,Я навіть не приймаю інсулін! І всі ці речі можна виправити!,Я даже не принимаю инсулин! И все эти вещи мы можем исправить!
SAY.Final.190.Miss,,"Do you want to leave, then? Go out that door and forever see the world with such a narrow mindset?","Você quer ir embora, então? Ir por aquela porta e continuar para sempre vendo o mundo com essa mentalidade tão limitada?",То ти хочеш втекти? Вийти за ці двері й усе життя дивитися на світ крізь призму такого вузького світогляду?,Ты хочешь уйти? Выйти через ту дверь и навсегда смотреть на мир с таким узким взглядом?
SAY.Final.192.Miss,,"Haa.. I thought you’d understand. This is a necessary evil. But sure, fine, {wi}I wouldn’t ever push you to do anything you don’t want to do.{wc}Consider your contract terminated.","Haa.. eu achei que você entenderia. Esse é um mal necessário. Mas claro, tudo bem,{wi} eu jamais te obrigaria a fazer algo que você não queira.{wc}Considere o seu contrato encerrado.","Ха... Я думала, ти второпаєш. Це необхідне зло. Та звісно, гаразд, {wi}я б ніколи не змусила робити тебе щось проти власної волі.{wc}Вважай, що угоду розірвано.","Ха... Я думала, ты поймёшь. Это необходимое зло. Но ладно, хорошо, {wi}я бы никогда не заставила тебя делать что-то, что ты не хочешь делать.{wc}Считай, что твой контракт расторгнут"
SAY.Final.191.,,"{i}She walks by me like she’s going to open the door for me. {wi}I let go of a breath I didn’t know I was holding.{wc}And then in a flash of silver, I go into shock for the second time that night.","{i}Ela passa por mim como se fosse abrir a porta para eu ir embora.{wi} Eu deixo escapar um suspiro que eu não sabia que estava segurando.{wc}Então, num piscar de olhos, eu entro em choque pela segunda vez naquela noite.","{i}Вона проходить повз мене, неначе хоче відчинити двері. {wi}Нарешті я видихнула.{wc}А потім у сріблястому спалаху мене вдруге проймає шок.","{i}Она проходит мимо меня, как будто собирается открыть для меня дверь. {wi}Я выпускаю дыхание, о котором даже не знала, что сдерживаю.{wc}А потом, в мгновение ока, я снова испытываю шок второй раз за эту ночь."
SAY.Final.199.,,"{i}My throat.{wc}I try to speak, to scream, but the signature smell and flow of blood choke up my mouth. {wi}It’s painful. It’s so painful. I’m drowning.{wc}Miss, it hurts, Miss -- but oh, I guess that’s not your real name, is it? {wi}How could you do this?{wi} What did I do? {wc}I can’t believe I ever trusted you. I thought we had something. But now I’ll die hating you.","{i}Minha garganta.{wc}Eu tento gritar, mas minha boca se enche de algo, e logo sobe o cheiro inconfundível de sangue. {wi}É doloroso. É doloroso demais. Estou me afogando. {wc}Dona, isso dói, Dona... mas ah, acho que esse não é seu nome, não é? {wi}Como você pôde? {wi}O que eu fiz?{wc}Eu não posso acreditar que confiei em você. Eu achei que tínhamos algo. Mas agora morrerei te odiando.","{i}Моє горло.{wc}Я намагаюся говорити, кричати, та виразний запах і потік крові здавлюють мій голос. {wi}Боляче. Дуже боляче. Я потопаю.{wc}Панно, мені боляче, Панно -- але гай-гай, гадаю, це не твоє справжнє ім’я? {wi}Як ти могла таке вчинити?{wi} Що я накоїла? {wc}Не можу повірити, що колись довірилась тобі. Я гадала, між нами щось є. Але тепер я помру з ненавистю до тебе.","{i}Моё горло.{wc}Я пытаюсь говорить, кричать, но характерный запах и поток крови перекрывают мою глотку. {wi}Больно. Так больно. Я тону.{wc}Мисс, мне больно, Мисс — но о, наверное, это не твоё настоящее имя, да? {wi}Как ты могла это сделать? {wi}Что я сделала? {wc}Не могу поверить, что когда-то доверяла тебе. Я думала, у нас было что-то. А теперь я умру, ненавидя тебя."
SAY.Final.202.,,"{i}...And you say something but I don’t register it.{wc}Whatever you say can’t do anything. Sorry can’t fix this, even an “I love you” can’t.{wc}It hurts, it hurts, it HURTS. {s=60}This pain this fear this loss this blood this agony these tears --","{i}...E você diz algo mas não consigo entender.{wc}O que quer que você fale não mudará nada. Desculpas não podem consertar isso, nem um ""eu te amo"" pode. Dói, dói, DÓI. {s=60}Essa dor, esse medo, essa perda, esse sangue, esse sofrimento, essas lágrimas...","{i}...І ти щось кажеш, та я цього не сприймаю.{wc}Що б ти не казала, я нічого не вдію. Вибач, та це не виправити, навіть «я люблю тебе» не зарадить.{wc}Боляче, боляче, БОЛЯЧЕ. {s=60}Цей біль цей страх ця втрата ця кров ця агонія ці сльози --","{i}...И ты что-то говоришь, но я не регистрирую это.{wc}Что бы ты ни сказала, это ничего не изменит. Извинения не исправят этого, даже ""Я тебя люблю"" не поможет.{wc}Больно, больно, БОЛЬНО. {s=60}Эта боль, этот страх, эта утрата, эта кровь, эта агония, эти слёзы —"
SAY.Final.203.,,"{i}{s=60}I can’t breathe, I can’t think, my mind, my nerves, I hope I die soon, I hope it ends soon.{/s}{wc}Is this what you did to that poor guy on the floor? What do you mean then, ‘necessary evil’? {wc}No one should go through this. {wi}Except you.","{i}{s=60}Eu não consigo respirar e nem pensar... minha mente, meus nervos, espero que eu morra logo, espero que acabe logo.{/s}{wc}Foi isso que você fez com esse pobre homem jogado no chão? O que você quer dizer com ""mal necessário”?{wc}Ninguém deveria ter que passar por isso. {wi}A não ser você.","{i}{s=60}Я не можу дихати, я не можу думати, моя свідомість, мої нерви, сподіваюсь, я скоро помру, маю надію, це все скоро скінчиться.{/s}{wc}Ось, що ти зробила з тим бідним хлопцем на підлозі? Що ти тоді маєш на увазі під «необхідним злом»? {wc}Ніхто не має через це проходити. {wi}Крім тебе.","{i}{s=60}Я не могу дышать, не могу думать, мой разум, мои нервы, надеюсь, что скоро умру, надеюсь, что всё скоро закончится.{/s}{wc}Это то, что ты сделала с тем бедным парнем на полу? Что ты имела в виду, говоря ""необходимое зло""? {wc}Никто не должен пережить это. {wi}Кроме тебя."
SAY.Final.204.,,"{i}Broken, you’re broken, and now I am too, and{s=60} I’m on the floor bleeding out and drowning and it hurts so much and I wish it would stop and I hate you yet in my final moments all I think of is an illusion of you.","{i}Perdida, você está perdida, e agora eu também estou, e {s=60}estou no chão sangrando, me afogando. Dói tanto e eu só queria que parasse. Eu te odeio, mas agora, nos meus últimos momentos, só consigo pensar na pessoa que você fingiu ser.","{i}Зламана, ти зламана, і тепер я теж, і{s=60} Я на підлозі в крові, потопаю, дуже боляче, хоч би це скінчилось, і я ненавиджу тебе, та все ж в останні миті життя все, про що я думаю, -- це про тебе несправжню.","{i}Сломана, ты сломана, а теперь и я тоже, и{s=60} я на полу, истекаю кровью, тону, и так больно, и я хочу, чтобы это прекратилось, и я ненавижу тебя, но в мои последние мгновения я думаю только об иллюзии тебя."
SAY.Final.307.Miss,,"...{wc}...2 minutes and 13 seconds.{wc}I’m so sorry, my dear, I tried to aim for the back.{wc}A life exchanged for another, an innocent soul I tainted traded for one of a vile being. An eye for an eye -- or, I guess a life -- and now my heart for a neck.{wc}What will happen next time? Can I keep going like this? For people who don’t even give me a second glance unless I’m giving them all I have?","...{wc}...2 minutos e 13 segundos.{wc}Me desculpe, amada, eu tentei fazer com que fosse rápido.{wc}Uma vida em troca de outra, uma alma inocente que manchei pela alma de um ser cruel. Olho por olho... ou melhor, vida por vida... e, agora, meu coração por um pescoço.{wc}O que acontecerá na próxima vez? Será que consigo continuar assim? Por pessoas que nem me olham duas vezes a não ser que eu dê a elas tudo o que tenho?","...{wc}...2 хвилини й 13 секунд.{wc}Вибач, люба, я намагалася поцілити в спину.{wc}Життя в обмін на життя, невинне життя, яке я спаплюжила, обміняно на душу мерзенного створіння. Око за око -- чи то пак життя за життя -- і тепер моє серце за шию.{wc}Що станеться наступного разу? Чи можу я так продовжувати? Заради людей, які на мене й не подивляться, поки не віддам їм усе, що маю?","...{wc}...2 минуты и 13 секунд.{wc}Прости меня, моя дорогая, я пыталась прицелиться в спину.{wc}Одна жизнь обменяна на другую, невинная душа, которую я осквернила, обменяна на душу подлой сущности. Око за око — или, наверное, жизнь за жизнь — и теперь моё сердце за шею.{wc}Что будет в следующий раз? Смогу ли я продолжать так? Для людей, которые даже не обратят на меня внимания, если я не отдам им всё, что у меня есть?"
SAY.Final.213.Miss,,"...But it’s worth it in the end. {wi}It has to be. I can’t stop now, it can’t all have been for nothing.{wc}This never-ending game of thoughts and words and morals, the screams of corruption and the grayness of fixing it, someone needs to be the Robin Hood in this life even if it breaks me.","...Mas vale a pena no fim. Tem que valer. Não posso parar agora, não pode ter sido tudo em vão.{wc}Esse jogo interminável de pensamentos, palavras e moral, os gritos da corrupção e a insipidez de consertar tudo, alguém precisa ser o Robin Hood nesse mundo, mesmo que isso acabe comigo.","...Але воно того варте. {wi}Це мало статися. Тепер я не можу спинитися, інакше все було б марно.{wc}Ця нескінченна гра думок, слів та моралі, кричуща зіпсованість та сірість виправлення, хтось мусить узяти на себе роль Робін Гуда життя, навіть якщо це мене вбива.","..Но в конце концов это стоит того. {wi}Должно стоить. Я не могу остановиться, не может всё это быть напрасным.{wc}Эта бесконечная игра мыслей, слов и морали, крики о коррупции и серость её исправления, кто-то должен стать Робином Гудом в этой жизни, даже если это сломает меня."
SAY.Final.214.Miss,,"I was so jealous of you, Ellie, of being able to live in an illusion of a fixable world.{wc}Let me live like that too.{wc}She took my eye and you took my heart, so let me take that illusion from you.{wc}Let me breathe air that no longer suffocates me, let me believe these sacrifices are not in vain.","Eu tinha muita inveja de você, Ellie, por conseguir viver com a ilusão de um mundo corrigível.{wc}Me deixe viver assim também.{wc}Ela levou meu olho e você meu coração, então deixe-me levar essa sua ilusão.{wc}Deixe-me respirar um ar que não me sufoque mais, deixe-me acreditar que esses sacrifícios não são em vão.","Я заздрила тобі, Еллі, бо ти жила у світі ілюзій виправності цього світу.{wc}Дозволь мені теж так пожити.{wc}Вона забрала моє око, а ти -- моє серце, тож я заберу твою оману.{wc}Дай мені дихати на повні груди з надією, що все це не даремно.","Я так завидовала тебе, Элли, тому, что ты могла жить в иллюзии исправимого мира.{wc}Позволь мне тоже жить так.{wc}Она забрала моё глаз, а ты забрала моё сердце, так позволь мне забрать эту иллюзию у тебя.{wc}Позволь мне дышать воздухом, который больше не душит меня, позволь мне верить, что эти жертвы не напрасны."
SAY.Final.215.Miss,,{s=15}...{/s},{s=15}...{/s},{s=15}...{/s},{s=15}...{/s}
SAY.Final.216.Miss,,"I can only keep going on. Perhaps it’s time to find someone new, just one last time. {wi}I will miss you dearly, Ellie.","Tudo o que posso fazer é seguir em frente. Talvez esteja na hora de encontrar uma nova ajudante, uma última vez. {wi}Sentirei muita saudade de você, Ellie.","Я можу лише йти далі. Можливо, настав час знайти когось ще, принаймні востаннє. {wi}Я сумуватиму за тобою, Еллі.","Я могу только продолжать идти. Возможно, пришло время найти кого-то нового, в последний раз. {wi}Я буду очень по тебе скучать, Элли."
SAY.Final.222.Ellie,,...Let’s partner up.,...Vamos ser parceiras.,...Об’єднаймо зусилля.,..Давай работать вместе.
SAY.Final.223.Miss,,"Oh!{wc}You mean like, going to buying replacement TVs together or something? No worries, I didn’t break any TVs this time.","Ah!{wc}Você quer dizer irmos comprar televisões substitutas juntas ou algo assim? Não se preocupe, eu não quebrei nenhuma televisão dessa vez.","Ой!{wc}Ти маєш на увазі разом піти по новий телевізор чи щось таке? Не хвилюйся, на цей раз я не пошкодила жодний.","О!{wc}Ты имеешь в виду, что вместе пойдем покупать новые телевизоры или что-то вроде того? Не переживай, я в этот раз не разбила телевизоры."
SAY.Final.224.Ellie,,"No, no, like... like killing...","Não, não, tipo... tipo matar...","Ні-ні, я про... вбивства...","Нет-нет, я имею в виду... убийства..."
SAY.Final.225.Miss,,...Do you want to help with that?,...Você quer ajudar com isso?,...Ти хочеш допомогти мені з цим?,..Ты хочешь помочь с этим?
SAY.Final.226.Ellie,,...,...,...,...
SAY.Final.233.Ellie,,"Yeah. You’re right, someone needs to help fix this world, however messed up that definition of ‘fix’ might be.","Sim. Você está certa, alguém precisa ajudar a consertar esse mundo, independente do quão perturbadora seja a definição de ""consertar"".","Так. Ви праві, хтось має допомогти виправити цей світ, яким би розпливчастим слово «виправити» не було.","Да. Ты права, кто-то должен помочь исправить этот мир, каким бы извращённым ни было это определение 'исправить'."
SAY.Final.228.,,{i}Miss's expression softens.,{i}A expressão de Dona fica mais suave.,{i}Вираз обличчя Панни пом’якшився.,{i}Мисс смягчает своё выражение лица
SAY.Final.229.Miss,,"..Really? That’s the first time...{wc}You understand then, right? The demise when one is sentenced for the murder of a murderer, the dread when the rape of a child equals a month of community service simply because of the type of lawyer money can bring.","..Sério? Essa é a primeira vez...{wc}Então você entende, certo? A injustiça de ser condenado pelo assassinato de um assassino, o pavor de quando o estupro de uma criança é perdoado após um mês de serviço comunitário apenas pelo tipo de advogado que alguém rico pode contratar.","...Дійсно? Це вперше так...{wc}Тоді ти розумієш, так? Божевілля, коли на смерть ведуть убивцю вбивці, жах, коли зґвалтування дитини прирівнюють до місяця виправних робіт просто тому, що ґвалтівник мав удосталь грошей на гарного адвоката.","Правда? Впервые... {wc} Ты понимаешь, да? Это чувство, когда приговаривают за убийство убийцы. Этот страх, когда за изнасилование ребёнка дают всего месяц общественных работ — просто потому, что у кого-то хватило денег на хорошего адвоката."
SAY.Final.230.Miss,,"But I’ve been corrupted by all this death and all these feelings.{wc}When I first took you on, I wondered if I should let you stay innocent forever. But my jealousy got the better of me, with purposely not cleaning up traces of blood and doing things in plain sight of you.{wc}So I’m sorry about that, Ellie. But I’m even more sorry for the things you’ll end up witnessing, your inevitable complete loss of innocence.","Mas eu fui corrompida por toda essa morte e esses sentimentos.{wc}Quando te contratei, me perguntei se deveria te deixar ser inocente para sempre. Mas meu ciúme falou mais alto, e acabei propositalmente não limpando traços de sangue e fazendo coisas na sua frente.{wc}Então me desculpe por isso, Ellie. Mas eu te peço ainda mais desculpas pelas coisas que você acabará testemunhando, sua inevitável perda total da inocência.","Але мене зіпсували смерть та почуття.{wc}Коли я обрала тебе вперше, то вагалася, чи зберегти твою невинність. Але заздрість узяла гору, і я навмисно не прибирала сліди крові й робила все в тебе на очах.{wc}Тому вибач мені, Еллі. Але ще більш мені шкода, що ти побачиш речі, які вже неминуче заберуть твою невинність.","Но всё это — смерть, чувства — уже испортили меня.{wc} Когда я впервые взяла тебя с собой, я думал, стоит ли позволить тебе остаться невинной навсегда. Но ревность взяла верх: я нарочно не убирала следы крови, делал всё у тебя на глазах.{wc} Так что прости меня за это, Элли. Но ещё больше — за то, что тебе придётся увидеть. За неизбежную, полную потерю твоей невинности."
SAY.Final.234.Ellie,,"...{wc}...It’s okay, I want to help.{wi} I want to stay with you.","...{wc}...Tá tudo bem, eu quero ajudar. {wi}Eu quero ficar com você.","...{wc}...Усе гаразд, я хочу Вам допомогти.{wi} Я хочу бути з вами.","...{wc}... Всё в порядке, я хочу помочь.{wi} Я хочу остаться с тобой."
SAY.Final.235.Miss,,"Well then, if that’s the case, let us end as many corrupted souls as we can. We’ll become the Robin Hoods of this world together, yeah?","Bom, se esse é o caso, vamos eliminar o máximo de almas corrompidas que conseguirmos. Nós nos tornaremos os Robin Hoods desse mundo juntas, certo?","Що ж, у такому разі прикінчімо якнайбільше зіпсованих душ. Ми разом станем Робін Гудами цього світу, авжеж?","Что ж, раз так, давай избавим этот мир от как можно большего числа прогнивших душ. Мы станем Робин Гудами этого мира, да?"
SAY.Final.236.Ellie,,Okay...!,Certo..!,Добре!..,Хорошо...!
SAY.Final.240.Ellie,,Do I even have a choice?,E por acaso tenho escolha?,Чи в мене взагалі є вибір?,А у меня есть выбор?
SAY.Final.241.Miss,,"What do you mean? Of course you do!{wc}I wouldn’t ever push you to do anything you don’t want to do. Not even in a different timeline, had you said something else.","O que você quer dizer? Claro que tem!{wc}Eu jamais te obrigaria a fazer algo que você não queira. Nem em outra linha do tempo, caso você tivesse dito algo diferente.","Що ти маєш на увазі? Звісно, він у тебе є!{wc}Я б ніколи не змусила робити тебе щось проти власної волі. Навіть в іншій часовій лінії, якби ти сказала щось інше.","Что ты такое говоришь? Конечно, у тебя есть выбор!{wc} Я бы никогда не заставила тебя делать то, чего ты не хочешь. Даже в другой временной линии, даже если бы ты сказала что-то другое."
SAY.Final.242.Ellie,,"..No, sorry -- I mean, it’s okay, I’ll do it. I’ll help you clean.","..Não, me desculpe... quero dizer, está tudo bem. Eu farei. Eu te ajudarei a limpar.","...Ні, вибачте -- цебто, гаразд, я зроблю це. Я допоможу вам прибрати.","..Нет, прости — я имела в виду, что всё в порядке, я сделаю это. Помогу тебе прибраться."
SAY.Final.243.Miss,,"That’s my Ellie!{wc}See, even in a world of corrupted social hierarchies and people and governments, I can always depend on you.{wc}Come on, you’re cleaning up this manor today.","Essa é a minha Ellie!{wc}Veja, mesmo em um mundo de hierarquias sociais corrompidas, além de governos e pessoas, eu sempre posso contar com você.{wc}Venha, você vai limpar essa mansão hoje.","Це моя Еллі!{wc}Бачиш, навіть у світі спотворених соціальних ієрархій, людей та урядів я завжди можу покластися на тебе.{wc}Ходімо, сьогодні ти прибиратимеш у цьому маєтку.","Вот моя Элли!{wc} Видишь, даже в мире, полном испорченных социальных структур, людей и правительств, я всегда могу на тебя положиться.{wc} Пойди, сегодня ты убираешь в этом особняке"
SAY.Final.245.Miss,,Let’s make today a good one!,Vamos fazer um bom trabalho!,Зробімо це!,Сделаем этот день достойным!
CHARACTER.Ellie,,Ellie,Ellie,Еллі,Элли
CHARACTER.Miss,,Miss,Dona,Панна,Мисс